movies_id;year;title
2;2004; Isle of Man TT 2004 Review  
3;1997;Character
4;1994;Paula Abdul's Get Up & Dance
5;2004;The Rise and Fall of ECW
6;1997;Sick
7;1992;8 Man
8;2004;What the #$*! Do We Know!?
9;1991;Class of Nuke 'Em High 2
10;2001;Fighter
11;1999;Full Frame: Documentary Shorts
12;1947;My Favorite Brunette
13;2003;Lord of the Rings: The Return of the King: Extended Edition: Bonus Material
14;1982;Nature: Antarctica
15;1988;Neil Diamond: Greatest Hits Live
16;1996;Screamers
17;2005;7 Seconds
18;1994;Immortal Beloved
19;2000;By Dawn's Early Light
20;1972;Seeta Aur Geeta
21;2002;Strange Relations
22;2000;Chump Change
23;2001;Clifford: Clifford Saves the Day! / Clifford's Fluffiest Friend Cleo
24;1981;My Bloody Valentine
25;1997;Inspector Morse 31: Death Is Now My Neighbour
26;2004;Never Die Alone
27;1962;Sesame Street: Elmo's World: The Street We Live On
28;2002;Lilo and Stitch
29;2001;Boycott
30;2003;Something's Gotta Give
31;1999;Classic Albums: Meat Loaf: Bat Out of Hell
32;2004;ABC Primetime: Mel Gibson's The Passion of the Christ
33;2000;Aqua Teen Hunger Force: Vol. 1
34;2003;Ashtanga Yoga: Beginner's Practice with Nicki Doane
35;2000;Ferngully 2: The Magical Rescue
36;1992;Lady Chatterley
37;1973;Zatoichi's Conspiracy
38;2003;Daydream Obsession
39;2000;Love Reinvented
40;2004;Pitcher and the Pin-Up
41;2000;Horror Vision
42;2002;Searching for Paradise
43;2000;Silent Service
44;1996;Spitfire Grill
45;1999;The Love Letter
46;1964;Rudolph the Red-Nosed Reindeer
47;1952;The Bad and the Beautiful
48;2001;Justice League
49;2003;Devo: The Complete Truth About De-evolution
50;1941;A Yank in the R.A.F.
51;2002;Jonah: A VeggieTales Movie: Bonus Material
52;2002;The Weather Underground
53;2003;The Bonesetter
54;1952;We're Not Married
55;1995;Jade
56;2004;Carandiru
57;1995;Richard III
58;1996;Dragonheart
59;2003;Sex and the Beauties
60;1969;The Libertine
61;1999;Ricky Martin: One Night Only
62;1991;Ken Burns' America: Empire of the Air
63;1943;Crash Dive
64;2001;Outside the Law
65;2000;Lost in the Pershing Point Hotel
66;1989;Barbarian Queen 2
67;1997;Vampire Journals
68;2004;Invader Zim
69;2003;WWE: Armageddon 2003
70;1999;Tai Chi: The 24 Forms
71;1995;Maya Lin: A Strong Clear Vision
72;1974;At Home Among Strangers
73;1954;Davy Crockett: 50th Anniversary Double Feature
74;1999;6ixtynin9
75;1997;Grind
76;1952;I Love Lucy: Season 2
77;1995;Congo
78;1996;Jingle All the Way
79;1956;The Killing
80;1979;Winter Kills
81;1991;Antarctica: IMAX
82;1951;The Frogmen
83;1983;Silkwood
84;2002;The Powerpuff Girls Movie
85;2005;Elfen Lied
86;1996;Iron Monkey 2
87;2002;Louder Than Bombs
88;1998;Record of Lodoss War: Chronicles of the Heroic Knight
89;2000;Chain of Command
90;1951;The Lemon Drop Kid
91;2005;WWE: Royal Rumble 2005
92;2002;ECW: Cyberslam '99
93;2004;They Came Back
94;2000;G3: Live in Concert
95;1985;Dona Herlinda and Her Son
96;2000;Inside the Space Station
97;2002;Mostly Martha
98;1965;The Battle of Algiers: Bonus Material
99;1989;A Fishy Story
100;1993;Sam the Iron Bridge
101;1997;Complete Shamanic Princess
102;2004;Notre Musique
103;1976;Sanford and Son: Season 6
104;1965;The Great Race
105;2002;Obsessed
106;2004;Stevie Ray Vaughan and Double Trouble: Live at Montreux 1982 & 1985
107;2000;Magnolia: Bonus Material
108;2004;Spartan
109;1996;No Way Back
110;1989;Scandal
111;2003;Duplex (Widescreen)
112;1993;The Eye of Vichy
113;2000;Bruce Lee: A Warrior's Journey
114;1989;Dominion Tank Police Part 1 & 2
115;1973;Lord Peter Wimsey: Murder Must Advertise
116;2004;Bear Cub
117;1957;Silk Stockings
118;1985;Rambo: First Blood Part II
119;1999;Travel the World by Train: Africa
120;2004;Plain Dirty
121;2003;Beyonce: Live at Wembley
122;2002;Cube 2: Hypercube
123;2000;Chain of Fools
124;2000;Cold Blooded
125;1981;Nighthawks
126;2003;Vampire Effect (aka Twins Effect)
127;1987;Fatal Beauty
128;1985;Mr. Vampire
129;2003;Darkwolf
130;1999;Drowning on Dry Land
131;2002;Arachnid
132;1981;Lucio Fulci: The Beyond
133;2003;Viva La Bam: Season 1
134;1996;Spirit Lost
135;1998;GTO: Great Teacher Onizuka: Set 2
136;1927;Cat and the Canary
137;1998;Naked Lies
138;1995;Star Trek: Voyager: Season 1
139;2001;Allergies: A Natural Approach
140;1993;Lost in the Wild
141;2004;Goddess of Mercy
142;2000;The Tricky Master
143;1997;The Game
144;2000;Deepak Chopra: The Way of the Wizard & Alchemy
145;1978;Get Out Your Handkerchiefs
146;1988;Cannibal Women in the Avocado Jungle of Death
147;1992;Where Sleeping Dogs Lie
148;2001;Sweet November
149;2005;The Edward R. Murrow Collection
150;2001;Firetrap
151;2005;Sleepover Nightmare
152;1995;A Little Princess
153;2002;MTV Yoga
154;2000;Demon Warrior Koji
155;1975;The Strongest Man in the World
156;1992;Husbands and Wives
157;2004;Laird: White Knuckle Extreme
158;2004;A Killer Within
159;1971;Gentlemen of Fortune
160;2000;Gormenghast
161;1939;Ninotchka
162;1968;John Cleese on How to Irritate People
163;2002;MTV: Making the Band 2: Best of Season 1
164;2003;One Last Dance
165;1982;Richard Pryor: Live on the Sunset Strip
166;1980;Fame
167;2004;The Chorus
168;1983;Smokey and the Bandit Part 3
169;2004;Cartoon Network Halloween: 9 Creepy Cartoon Capers
170;1972;Tomorrow
171;1957;Funny Face
172;2003;Jack
173;1968;The Devil's Brigade
174;1968;Adam-12: Season 1
175;1992;Reservoir Dogs
176;2004;The History Channel Presents: Troy: Unearthing the Legend
177;2002;Pressure
178;1996;Regular Guys
179;2003;Bollywood Bound
180;2002;Scratch
181;2004;The Last Shot
182;2001;Moby: Play
183;2005;IFilm: Deranged
184;2004;Billy Blanks: Tae Bo: Cardio Circuit 1
185;1985;Missing in Action 2: The Beginning / Missing in Action 3: Braddock
186;1950;Panic in the Streets
187;2002;Death to Smoochy
188;2005;Dead Birds
189;1982;Airplane II: The Sequel
190;1989;Blood and Sand
191;2003;X2: X-Men United
192;2003;The SoulTaker
193;2005;Marilyn Manson: Fear of a Satanic Planet
194;1996;Arliss: The Best of Arliss
195;2004;Chasing Freedom
196;1992;Peter Tosh: Stepping Razor: Red X
197;2004;Taking Lives
198;1997;Gupt
199;1978;The Deer Hunter
200;1964;The Fall of the Roman Empire
201;2001;Home Movie
202;2001;Ruby's Bucket of Blood
203;1997;Sports Illustrated Swimsuit Edition: 1997
204;2002;Venus Boyz
205;2004;Troy: Bonus Material
206;2004;Unconstitutional: The War on Our Civil Liberties
207;2001;Denise Austin: Ultimate Fat Burner
208;1947;The Three Stooges: Sing a Song of Six Pants
209;1996;Star Trek: Deep Space Nine: Season 5
210;2001;Onmyoji
211;2004;The Agronomist
212;1982;Querelle
213;2001;Dinner Rush
214;2002;Read-Along: Beauty and the Beast
215;1998;That '70s Show: Season 1
216;2000;Impostor
217;1988;Cherry 2000
218;1983;Triumph: Live at the US Festival
219;1995;Neon Bible
220;1983;Winston Churchill: The Wilderness Years
221;2005;Voyage to the Planets and Beyond
222;1998;Yellow
223;2003;Chappelle's Show: Season 1
224;1999;Midsomer Murders: Blood Will Out
225;2004;The Cookout
226;1996;Henry: Portrait of a Serial Killer 2
227;2001;The Carol Burnett Show: Show Stoppers
228;1979;Butch and Sundance: The Early Days
229;2003;Peter Gabriel: Growing Up Live
230;1987;Unsolved Mysteries: Psychics
231;2002;Marooned in Iraq
232;1989;Gross Anatomy
233;1971;Chato's Land
234;1921;Animation Legend: Winsor McCay
235;1996;Unhook the Stars
236;1998;Cartoon Crazys Sci-Fi
237;1918;Broken Blossoms
238;1976;Led Zeppelin: The Song Remains the Same
239;2004;Winnie the Pooh: Springtime with Roo
240;1942;Woman of the Year
241;1959;North by Northwest
242;1995;Neon Genesis Evangelion: The End of Evangelion
243;1962;Pressure Point
244;2004;Stellvia
245;2002;Road Dogz
246;1968;The Boston Strangler
247;1994;Oleanna
248;2001;Michael Moore's The Awful Truth: Season 2
249;1958;The Hunters
250;1966;Cast a Giant Shadow
251;2000;Midsomer Murders: Strangler's Wood
252;2002;Stuart Little 2
253;1935;A Night at the Opera
254;2003;Westender
255;2001;The Hunchback of Notre Dame II
256;2000;Ghost Dog: The Way of the Samurai
257;1973;Charlotte's Web
258;1999;Mann
259;2004;Animal
260;1967;Marat / Sade
261;1948;The Big Clock
262;1974;Herbie Rides Again
263;2001;Dragon Ball: Tournament Saga
264;2002;Angelina Ballerina: Lights Camera Action!
265;2002;The Jeff Corwin Experience: Costa Rica and the Amazon
266;2000;Saudade Do Futuro
267;1994;Touched by an Angel: Season 1
268;1980;The Final Countdown
269;1989;Parenthood
270;2001;Sex and the City: Season 4
271;1943;Saludos Amigos
272;1973;Female Yakuza Tale
273;2004;Taxi
274;2002;Crazy as Hell
275;2002;Evelyn
276;1998;Cold Harvest
277;2003;Enigma: MCMXC A.D
278;1990;100 Days Before the Command
279;1984;Micki and Maude
280;1998;Sarah Brightman: In Concert
281;1993;The Legend
282;2003;Blue Seed: Beyond
283;1996;If These Walls Could Talk
284;2005;Sasquatch Hunters
285;1997;The Devil's Own
286;1966;Thunderbirds Are Go
287;1994;Luther Vandross: Always and Forever: An Evening of Songs
288;2004;Saturday Night Live: The Best of Chris Kattan
289;1998;The Avengers
290;2004;Harold and Kumar Go to White Castle
291;2000;Chained Heat 3: Hell Mountain
292;2005;Saturday Night Live: The Best of Gilda Radner
293;2003;Lennon Legend: The Very Best of John Lennon
294;2002;Oasis
295;1995;Ace Ventura: When Nature Calls
296;2000;In His Life: The John Lennon Story
297;2003;The Hebrew Hammer
298;2002;Crunch: Pick Your Spot Pilates
299;2001;Bridget Jones's Diary
300;1997;Option Zero
301;2003;Hard Ground
302;2001;The Isle
303;1959;Les Liaisons Dangereuses
304;1997;King of the Hill: Season 1
305;1996;Jack
306;2005;Sesame Street: Sing Yourself Silly!
307;2002;Godsmack: Smack This!
308;1974;The Legend of the 7 Golden Vampires/7 Brothers of Dracula
309;1975;The Day of the Locust
310;2000;Leila
311;1994;Ed Wood
312;2000;High Fidelity
313;2000;Pay It Forward
314;1985;Saturday Night Live: The Best of Jon Lovitz
315;1964;Combat! Season 3: Operation 2
316;1999;Futurama: Monster Robot Maniac Fun Collection
317;1997;Mandela and de Klerk
318;1994;Beyond Suspicion
319;1987;Straight to Hell
320;1997;Eat Your Heart Out
321;2004;Ju-Rei: The Uncanny
322;1974;Flesh Gordon
323;1999;Modern Vampires
324;1994;Mother's Boys
325;2004;Ghosts of Rwanda: Frontline
326;1937;The Plainsman
327;1997;Storefront Hitchcock
328;2002;Deftones: Live in Hawaii
329;1999;Dogma
330;1998;Wild Things
331;1997;Chasing Amy
332;2002;They Crawl
333;2003;Mail Call: The Best of Season 2
334;2005;The Pacifier
335;1981;Fear No Evil
336;1978;The Driver
337;1983;Star 80
338;1942;The Three Stooges: Three Smart Saps
339;1968;Rolling Stones: Rock and Roll Circus
340;1998;Midnight: 2000 Seen By...
341;2004;Tremors 4: The Legend Begins
342;2001;Noir
343;2000;French and Saunders: Live
344;1967;The Taming of the Shrew
345;1998;Star Trek: Voyager: Season 5
346;2005;Up and Down
347;1989;Iceman Cometh
348;1988;The Last Temptation of Christ
349;1978;The Swarm
350;1993;Dr. Quinn Medicine Woman: Season 3
351;1969;Guns of the Magnificent Seven
352;1997;Pick a Card
353;2002;Life or Something Like It
354;1981;Sadomania
355;1973;Sinful Nuns of St. Valentine
356;2005;Look at Me
357;2003;House of Sand and Fog
358;1979;The Onion Field
359;2003;Absolutely Fabulous: Series 5
360;1999;Lies
361;2004;The Phantom of the Opera: Special Edition
362;2000;The Flintstones in Viva Rock Vegas
363;2002;Stark Raving Mad
364;2004;Billy Blanks: Tae Bo: Contact 2
365;1989;R.E.M.: Tourfilm
366;2004;Still We Believe: The Boston Red Sox Movie
367;2003;Spun
368;1986;The Best of Designing Women
369;2000;Playing Mona Lisa
370;1918;Chaplin
371;1966;The Trouble with Angels
372;1998;Jeans
373;2000;Third World Cop
374;1976;The Little Girl Who Lives Down the Lane
375;2003;Nine Dead Gay Guys
376;2001;Genesis: The Way We Walk: Live in Concert
377;1979;Dick Francis: The Racing Game
378;2003;Party Monster
379;1996;Crash Dive
380;1992;Live Wire
381;1991;Out for Justice
382;2004;Buried in the Sand: The Deception of America
383;2001;Hit Team
384;1986;Crossroads
385;2002;The Santa Clause 2
386;1994;Princess Caraboo
387;1984;Bizet's Carmen
388;1990;Body Chemistry
389;2002;Steal
390;1981;The Fan
391;1967;The Monkees: Season 2
392;1993;Danielle Steel's Heartbeat
393;1998;The Replacement Killers
394;1916;20.000 Leagues Under the Sea
395;1935;Captain Blood
396;2001;Arjuna: Complete Collection
397;1946;A Night in Casablanca
398;1976;In the Realm of the Senses
399;2001;Fangs
400;1970;Rio Lobo
401;1989;Halloween 5: The Revenge of Michael Myers
402;1999;Pan Tadeusz
403;2000;Substitute 4: Failure is Not an Option
404;2001;The Shaft
405;1987;Wings of Desire
406;2005;Hostage
407;1972;The Abductors
408;1990;Nightbreed
409;1966;Godzilla vs. The Sea Monster
410;1998;Frank Lloyd Wright
411;1999;Vendetta
412;1999;Jay Jay the Jet Plane: Adventures in Learning
413;2002;Igby Goes Down
414;1999;Girl
415;2002;Reign in Darkness
416;2003;Elephant
417;1986;Transformers: Season 3: Part 1
418;2004;The Deal
419;2005;George Lopez: Why You Crying?
420;1999;Saturday Night Live: The Best of Dana Carvey
421;2003;Agatha Christie's Poirot: Sad Cypress
422;1964;The Unsinkable Molly Brown
423;1963;My Favorite Martian #1
424;1998;Happiness
425;2000;The 10th Kingdom
426;2001;Recess: School's Out
427;1990;Graveyard Shift
428;2004;Barney: Barney's Colorful World: Live
429;1997;Zeus and Roxanne
430;2002;Chobits
431;2002;Millennium Actress
432;1996;Les Miserables in Concert
433;1993;Untamed Heart
434;2004;Extreme Engineering: Tokyo's Sky City
435;1996;Love Can Seriously Damage Your Health
436;1985;Girls Just Want to Have Fun
437;2005;Beyblade: Fierce Battle
438;1997;Bean: The Movie
439;1961;Town Without Pity
440;2003;Just 4 Kicks
441;1968;Dark Shadows: Vol. 9
442;1988;Mississippi Burning
443;2002;Rabbit-Proof Fence
444;2001;The Inner Tour
445;1996;Michael Collins
446;1995;The Underneath
447;1986;The Making of Fanny and Alexander
448;2001;Oswald: Welcome to the Big City!
449;2003;Jimmy Buffett: MiniMatinee #1
450;2000;Isaac Stern: Life's Virtuoso
451;1993;Batman the Animated Series: Vol. 3
452;2002;Scorched
453;1992;Simple Men
454;1995;Xena: Warrior Princess: Season 3
455;1999;Cardcaptor Sakura: The Movie
456;1996;Emma (Miniseries)
457;2004;Kill Bill: Vol. 2
458;2001;Blast
459;1996;Basquiat
460;1971;Pink Narcissus
461;2000;Nightwalker #1: Midnight Detective
462;2005;Classic Cartoon Favorites: Starring Donald
463;1962;The Twilight Zone: Vol. 12
464;1987;The Return of Ruben Blades
465;1995;Coolie No.1
466;1990;Doogie Howser M.D.: Season 2
467;1941;Topper Returns
468;2003;The Matrix: Revolutions
469;1998;First Night of My Life: 2000 Seen By...
470;2001;Beneath Loch Ness
471;1931;City Lights
472;1998;Mr. Jealousy
473;1997;Princess Mononoke
474;1998;Legend of 1900
475;1993;Surf Ninjas
476;2004;VeggieTales Classics: Where's God When I'm Scared?
477;1990;George Carlin: Personal Favorites
478;1962;The Beverly Hillbillies
479;1988;George Carlin: What Am I Doing in New Jersey?
480;1997;Flypaper
481;2002;Building the Great Pyramid
482;2002;Frida
483;2001;Rush Hour 2
484;1992;Danielle Steel's Jewels
485;1967;The Avengers '67
486;1959;Journey to the Center of the Earth
487;1968;Doctor Who: Lost in Time: The Patrick Troughton Years
488;2001;His Secret Life
489;1998;Return to Paradise
490;1999;The Passion of Ayn Rand
491;1966;Torn Curtain
492;1984;Mrs. Soffel
493;1972;The Giallo Collection: Who Saw Her Die?
494;1983;Monty Python's The Meaning of Life: Special Edition
495;2000;Mission Kashmir
496;2004;Primus: Hallucino-Genetics Live 2004
497;2003;Broadway's Lost Treasures
498;1989;Glory: Bonus Material
499;2000;Under Suspicion
500;2002;Mail Call: The Best of Season 1
